Client name,,,,,,,,
Client Account # ,xxxxxx510,,,,,,,
,,,,,,,,
Account Balances,,,,,,,,
Summary,Balances,Net Change ,,,,,,
Account Value,"$816,391.88 ","($1,455.68)",,,,,,
Total Cash,"$4,178.46 ",$75.08 ,,,,,,
Account Sweep Balance,"$4,103.38 ",$79.40 ,,,,,,
TD Ameritrade Cash (protected by SIPC),$75.08 ,($4.32),,,,,,
Long Positions,"$812,213.42 ","($1,530.75)",,,,,,
Stock Value,"$163,362.82 ","($1,530.75)",,,,,,
Mutual Funds Value,"$648,850.60 ",$0.00 ,,,,,,
Short Positions,$0.00 ,$0.00 ,,,,,,
, ,,,,,,,
,,,,,,,,
Buying Power (BP),,,,,,,,
Avail. funds for trading,"$4,178.46 ",,,,,,,
Non-marginable funds,"$4,178.46 ",,,,,,,
Avail. funds for withdrawal,"$4,178.46 ",,,,,,,
Total positions value,"$816,316.80 ",,,,,,,
,,,,,,,,
,,,,,,,,
Account Positions,,,,,,,,
,Description,Symbol,Last,Qty,Mkt Val,% Mkt Val,,
,AMERICAN CENTURY INVESTMENTS EQTY INCOME INVESTOR,TWEIX,9.41,8072.624,"75,963.39",9.3,,
,AMERICAN CENTURY INVESTMENTS MID CAP VALUE INVESTOR,ACMVX,16.72,6701.756,"112,053.36",13.73,,
,DIMENSIONAL FUND ADVISORS GLOBAL REAL ESTATE SEC INST,DFGEX,12.56,3134.37,"39,367.69",4.82,,
,DIMENSIONAL FUND ADVISORS US MICRO CAP INST,DFSCX,21.41,2440.918,"52,260.05",6.4,,
,DIMENSIONAL FUND ADVISORS WORLD EX US CORE EQTY INST,DFWIX,11.28,8240.831,"92,956.57",11.39,,
,FDIC INSURED DEPOSIT ACCOUNT  IDA12 NOT COVERED BY SIPC,MMDA12,1,4103.38,"4,103.38",0.5,,
,ISHARES TRUST CORE S&P US VLU ETF,IUSV,61.0716,1327,"81,042.01",9.93,,
,LORD ABBETT FUNDS SHORT DURATION INCOME A,LALDX,4.21,5977.454,"25,165.08",3.08,,
,MATTHEWS ASIA FUNDS ASIA DIV INVESTOR,MAPIX,16.96,7550.055,"128,048.93",15.68,,
,PAYDEN FUNDS CORE BOND INVESTOR,PYCBX,10.87,4326.693,"47,031.15",5.76,,
,PAYDEN FUNDS LOW DURATION INVESTOR,PYSBX,10.09,4459.911,"45,000.50",5.51,,
,PGIM FUNDS TOTAL RET BOND A,PDBAX,15.02,2064.173,"31,003.88",3.8,,
,SPDR SERIES TRUST S&P 600 SMCP VAL ETF,SLYV,63.49,924,"58,664.76",7.19,,
,VANGUARD GROWTH ETF,VUG,175.19,135,"23,656.05",2.9,,
,,,,,,,,
,,,,,,,,
Account History,,,,,,,,
Date,Description,Symbol,Trans Type,Quantity,Price,Net Amount,Commission,Trans ID
9/5/2019,FDIC INSURED DEPOSIT ACCOUNT  IDA12 NOT COVERED BY SIPC CASH ALTERNATIVES PURCHASE,MMDA12,TRD,74.08,,,,23227054788
9/5/2019,PURCHASE FDIC INSURED DEPOSIT ACCOUNT    FOR 74.08,,TRD,,,($74.08),,23227054764
9/4/2019,FDIC INSURED DEPOSIT ACCOUNT  IDA12 NOT COVERED BY SIPC CASH ALTERNATIVES PURCHASE,MMDA12,TRD,81.9,,,,23213464981
9/4/2019,LORD ABBETT SHORT DURATION INCM A ORDINARY DIVIDEND PAID 74.08 FOR 5977.454 SHARES ON PAYABLE DATE 08/30/2019 AND RECORD DATE 08/30/2019,LALDX,DIV,,,$74.08 ,,23218014126
9/4/2019,PURCHASE FDIC INSURED DEPOSIT ACCOUNT    FOR 81.9,,TRD,,,($81.90),,23213464949
9/3/2019,FDIC INSURED DEPOSIT ACCOUNT  IDA12 NOT COVERED BY SIPC CASH ALTERNATIVES PURCHASE,MMDA12,TRD,85.67,,,,23200192812
9/3/2019,PGIM TOTAL RETURN BD A ORDINARY DIVIDEND PAID 81.9 FOR 2064.173 SHARES ON PAYABLE DATE 08/30/2019 AND RECORD DATE 08/30/2019,PDBAX,DIV,,,$81.90 ,,23202704601
9/3/2019,PURCHASE FDIC INSURED DEPOSIT ACCOUNT    FOR 85.67,,TRD,,,($85.67),,23200192798
8/30/2019,FDIC INSURED DEPOSIT ACCOUNT  IDA12 NOT COVERED BY SIPC CASH ALTERNATIVES INTEREST,MMDA12,DIV,0.4,,,,23188245667
8/30/2019,FDIC INSURED DEPOSIT ACCOUNT  IDA12 NOT COVERED BY SIPC CASH ALTERNATIVES PURCHASE,MMDA12,TRD,134.34,,,,23166000973
8/30/2019,PAYDEN LOW DURATION FUND ORDINARY DIVIDEND PAID 85.67 FOR 4459.911 SHARES ON PAYABLE DATE 08/30/2019 AND RECORD DATE 08/30/2019,PYSBX,DIV,,,$85.67 ,,23172604142
8/30/2019,PURCHASE FDIC INSURED DEPOSIT ACCOUNT    FOR 134.34,,TRD,,,($134.34),,23166000923
8/29/2019,PAYDEN CORE BD FD ORDINARY DIVIDEND PAID 134.34 FOR 4832.208 SHARES ON PAYABLE DATE 08/29/2019 AND RECORD DATE 08/28/2019,PYCBX,DIV,,,$134.34 ,,23160135093
8/5/2019,FDIC INSURED DEPOSIT ACCOUNT  IDA12 NOT COVERED BY SIPC CASH ALTERNATIVES PURCHASE,MMDA12,TRD,76.76,,,,22982491604
8/5/2019,PURCHASE FDIC INSURED DEPOSIT ACCOUNT    FOR 76.76,,TRD,,,($76.76),,22982491562
8/2/2019,FDIC INSURED DEPOSIT ACCOUNT  IDA12 NOT COVERED BY SIPC CASH ALTERNATIVES PURCHASE,MMDA12,TRD,79.01,,,,22969050304
8/2/2019,LORD ABBETT SHORT DURATION INCM A ORDINARY DIVIDEND PAID 76.76 FOR 5977.454 SHARES ON PAYABLE DATE 07/31/2019 AND RECORD DATE 07/31/2019,LALDX,DIV,,,$76.76 ,,22970966764
8/2/2019,PURCHASE FDIC INSURED DEPOSIT ACCOUNT    FOR 79.01,,TRD,,,($79.01),,22969050286
8/1/2019,FDIC INSURED DEPOSIT ACCOUNT  IDA12 NOT COVERED BY SIPC CASH ALTERNATIVES PURCHASE,MMDA12,TRD,86.76,,,,22954359468
8/1/2019,PGIM TOTAL RETURN BD A ORDINARY DIVIDEND PAID 79.01 FOR 2064.173 SHARES ON PAYABLE DATE 07/31/2019 AND RECORD DATE 07/31/2019,PDBAX,DIV,,,$79.01 ,,22957559359
8/1/2019,PURCHASE FDIC INSURED DEPOSIT ACCOUNT    FOR 86.76,,TRD,,,($86.76),,22954359446
7/31/2019,PAYDEN LOW DURATION FUND ORDINARY DIVIDEND PAID 86.76 FOR 4459.911 SHARES ON PAYABLE DATE 07/31/2019 AND RECORD DATE 07/31/2019,PYSBX,DIV,,,$86.76 ,,22926020428
7/31/2019,FDIC INSURED DEPOSIT ACCOUNT  IDA12 NOT COVERED BY SIPC CASH ALTERNATIVES INTEREST,MMDA12,DIV,0.47,,,,22935682643
7/31/2019,PURCHASE FDIC INSURED DEPOSIT ACCOUNT    FOR 134.82,,TRD,,,($134.82),,22920559244
7/31/2019,FDIC INSURED DEPOSIT ACCOUNT  IDA12 NOT COVERED BY SIPC CASH ALTERNATIVES PURCHASE,MMDA12,TRD,134.82,,,,22920559262
7/30/2019,PAYDEN CORE BD FD ORDINARY DIVIDEND PAID 134.82 FOR 4832.208 SHARES ON PAYABLE DATE 07/30/2019 AND RECORD DATE 07/29/2019,PYCBX,DIV,,,$134.82 ,,22911635496
7/3/2019,FDIC INSURED DEPOSIT ACCOUNT  IDA12 NOT COVERED BY SIPC CASH ALTERNATIVES PURCHASE,MMDA12,TRD,71.18,,,,22731927529
7/3/2019,PURCHASE FDIC INSURED DEPOSIT ACCOUNT    FOR 71.18,,TRD,,,($71.18),,22731927493
7/2/2019,LORD ABBETT SHORT DURATION INCM A ORDINARY DIVIDEND PAID 71.18 FOR 5977.454 SHARES ON PAYABLE DATE 06/28/2019 AND RECORD DATE 06/28/2019,LALDX,DIV,,,$71.18 ,,22723163814
7/2/2019,PURCHASE FDIC INSURED DEPOSIT ACCOUNT    FOR 215.39,,TRD,,,($215.39),,22717229645
7/2/2019,FDIC INSURED DEPOSIT ACCOUNT  IDA12 NOT COVERED BY SIPC CASH ALTERNATIVES PURCHASE,MMDA12,TRD,215.39,,,,22717229683
7/2/2019,VANGUARD GROWTH ETF ORDINARY DIVIDEND PAID 55.7 FOR 135 SHARES ON PAYABLE DATE 07/02/2019 AND RECORD DATE 06/28/2019,VUG,DIV,,,$55.70 ,,22712722821
7/1/2019,PURCHASE FDIC INSURED DEPOSIT ACCOUNT    FOR 2036.39,,TRD,,,"($2,036.39)",,22690917522
7/1/2019,PAYDEN LOW DURATION FUND ORDINARY DIVIDEND PAID 86.62 FOR 4459.911 SHARES ON PAYABLE DATE 06/28/2019 AND RECORD DATE 06/28/2019,PYSBX,DIV,,,$86.62 ,,22697481831
7/1/2019,FDIC INSURED DEPOSIT ACCOUNT  IDA12 NOT COVERED BY SIPC CASH ALTERNATIVES PURCHASE,MMDA12,TRD,"2,036.39",,,,22690917580
7/1/2019,PGIM TOTAL RETURN BD A ORDINARY DIVIDEND PAID 73.07 FOR 2064.173 SHARES ON PAYABLE DATE 06/28/2019 AND RECORD DATE 06/28/2019,PDBAX,DIV,,,$73.07 ,,22699785945
6/28/2019,REDEMPTION FDIC INSURED DEPOSIT ACCOUNT    FOR 1230.32,,TRD,,,"$1,230.32 ",,22652603664
6/28/2019,FDIC INSURED DEPOSIT ACCOUNT  IDA12 NOT COVERED BY SIPC CASH ALTERNATIVES REDEMPTION,MMDA12,TRD,"-1,230.32",,,,22652603675
6/28/2019,PAYDEN CORE BD FD ORDINARY DIVIDEND PAID 137.72 FOR 4832.208 SHARES ON PAYABLE DATE 06/27/2019 AND RECORD DATE 06/26/2019,PYCBX,DIV,,,$137.72 ,,22657094249
6/28/2019,DFA WORLD EX US CORE EQUITY I ORDINARY DIVIDEND PAID 1788.71 FOR 11893.799 SHARES ON PAYABLE DATE 06/28/2019 AND RECORD DATE 06/26/2019,DFWIX,DIV,,,"$1,788.71 ",,22657866229
6/28/2019,FDIC INSURED DEPOSIT ACCOUNT  IDA12 NOT COVERED BY SIPC CASH ALTERNATIVES INTEREST,MMDA12,DIV,0.73,,,,22670538642
6/28/2019,DFA US MICRO CAP FD ORDINARY DIVIDEND PAID 109.96 FOR 2440.918 SHARES ON PAYABLE DATE 06/28/2019 AND RECORD DATE 06/26/2019,DFSCX,DIV,,,$109.96 ,,22657316175
6/27/2019,FDIC INSURED DEPOSIT ACCOUNT  IDA12 NOT COVERED BY SIPC CASH ALTERNATIVES REDEMPTION,MMDA12,TRD,"-4,254.01",,,,22638534754
6/27/2019,SPDR SERIES TRUST S&P 600 SMCP VAL ETF ORDINARY DIVIDEND PAID 245.98 FOR 906 SHARES ON PAYABLE DATE 06/27/2019 AND RECORD DATE 06/25/2019,SLYV,DIV,,,$245.98 ,,22635701013
6/27/2019,QUARTERLY MGMT FEE FINANCIAL PLNNG & INFO SVC 9119705101 FOR 1230.32,,JNL,,,"($1,230.32)",,22645513916
6/27/2019,REDEMPTION FDIC INSURED DEPOSIT ACCOUNT    FOR 4254.01,,TRD,,,"$4,254.01 ",,22638534731
6/26/2019,FDIC INSURED DEPOSIT ACCOUNT  IDA12 NOT COVERED BY SIPC CASH ALTERNATIVES REDEMPTION,MMDA12,TRD,"-2,500",,,,22625721532
6/26/2019,LORD ABBETT SHORT DURATION INCM A BUY TRADE 482.227 @4.22,LALDX,BUY,482.227,$4.22 ,"($2,035.00)",,22633057402
6/26/2019,REDEMPTION FDIC INSURED DEPOSIT ACCOUNT    FOR 2500,,TRD,,,"$2,500.00 ",,22625721517
6/25/2019,SPDR SERIES TRUST S&P 600 SMCP VAL ETF BUY TRADE 42 @58.6903,SLYV,BUY,42,$58.69 ,"($2,464.99)",,22619220714
6/25/2019,MATTHEWS INTL FDS ASIA DIVIDEND FD BUY TRADE 817.191 @16.52,MAPIX,BUY,817.191,$16.52 ,"($13,500.00)",,22620742741
6/25/2019,AMERICAN CENTURY MIDCAP VALUE INVESTOR CLASS SELL TRADE 420.44 @15.46,ACMVX,SELL,420.44,$15.46 ,"$6,500.00 ",,22620742696
6/25/2019,AMERICAN CENTURY EQUITY INCM FD INV SELL TRADE 500 @9,TWEIX,SELL,500,$9.00 ,"$4,500.00 ",,22620742636
6/21/2019,ISHARES TRUST CORE S&P US VLU ETF ORDINARY DIVIDEND PAID 445.82 FOR 1327 SHARES ON PAYABLE DATE 06/21/2019 AND RECORD DATE 06/18/2019,IUSV,DIV,,,$445.82 ,,22584692323
6/21/2019,FDIC INSURED DEPOSIT ACCOUNT  IDA12 NOT COVERED BY SIPC CASH ALTERNATIVES PURCHASE,MMDA12,TRD,445.82,,,,22593557158
6/21/2019,PURCHASE FDIC INSURED DEPOSIT ACCOUNT    FOR 445.82,,TRD,,,($445.82),,22593557110
6/20/2019,FDIC INSURED DEPOSIT ACCOUNT  IDA12 NOT COVERED BY SIPC CASH ALTERNATIVES PURCHASE,MMDA12,TRD,"1,809.72",,,,22577843936
6/20/2019,PURCHASE FDIC INSURED DEPOSIT ACCOUNT    FOR 1809.72,,TRD,,,"($1,809.72)",,22577843908
6/19/2019,MATTHEWS INTL FDS ASIA DIVIDEND FD ORDINARY DIVIDEND PAID 787.14 FOR 6732.864 SHARES ON PAYABLE DATE 06/18/2019 AND RECORD DATE 06/17/2019,MAPIX,DIV,,,$787.14 ,,22567298926
6/19/2019,AMERICAN CENTURY MIDCAP VALUE INVESTOR CLASS ORDINARY DIVIDEND PAID 479.93 FOR 6935.396 SHARES ON PAYABLE DATE 06/18/2019 AND RECORD DATE 06/17/2019,ACMVX,DIV,,,$479.93 ,,22567288204
6/19/2019,AMERICAN CENTURY EQUITY INCM FD INV ORDINARY DIVIDEND PAID 542.65 FOR 8572.624 SHARES ON PAYABLE DATE 06/18/2019 AND RECORD DATE 06/17/2019,TWEIX,DIV,,,$542.65 ,,22567291661
6/5/2019,FDIC INSURED DEPOSIT ACCOUNT  IDA12 NOT COVERED BY SIPC CASH ALTERNATIVES PURCHASE,MMDA12,TRD,72.07,,,,22452590028
6/5/2019,PURCHASE FDIC INSURED DEPOSIT ACCOUNT    FOR 72.07,,TRD,,,($72.07),,22452589984
6/4/2019,FDIC INSURED DEPOSIT ACCOUNT  IDA12 NOT COVERED BY SIPC CASH ALTERNATIVES PURCHASE,MMDA12,TRD,176.28,,,,22441225892
6/4/2019,LORD ABBETT SHORT DURATION INCM A ORDINARY DIVIDEND PAID 72.07 FOR 5495.227 SHARES ON PAYABLE DATE 05/31/2019 AND RECORD DATE 05/31/2019,LALDX,DIV,,,$72.07 ,,22443583248
6/4/2019,PURCHASE FDIC INSURED DEPOSIT ACCOUNT    FOR 176.28,,TRD,,,($176.28),,22441225852
6/3/2019,PAYDEN LOW DURATION FUND ORDINARY DIVIDEND PAID 91.31 FOR 4459.911 SHARES ON PAYABLE DATE 05/31/2019 AND RECORD DATE 05/31/2019,PYSBX,DIV,,,$91.31 ,,22425092157
6/3/2019,FDIC INSURED DEPOSIT ACCOUNT  IDA12 NOT COVERED BY SIPC CASH ALTERNATIVES PURCHASE,MMDA12,TRD,137.72,,,,22420775378
6/3/2019,PURCHASE FDIC INSURED DEPOSIT ACCOUNT    FOR 137.72,,TRD,,,($137.72),,22420775350
6/3/2019,PGIM TOTAL RETURN BD A ORDINARY DIVIDEND PAID 84.97 FOR 2064.173 SHARES ON PAYABLE DATE 05/31/2019 AND RECORD DATE 05/31/2019,PDBAX,DIV,,,$84.97 ,,22423923808
5/31/2019,FDIC INSURED DEPOSIT ACCOUNT  IDA12 NOT COVERED BY SIPC CASH ALTERNATIVES INTEREST,MMDA12,DIV,0.75,,,,22403786931
5/31/2019,PAYDEN CORE BD FD ORDINARY DIVIDEND PAID 137.72 FOR 4832.208 SHARES ON PAYABLE DATE 05/30/2019 AND RECORD DATE 05/29/2019,PYCBX,DIV,,,$137.72 ,,22391665785
