Client name,,,,,,,,
Client Account # ,xxxxxx949,,,,,,,
,,,,,,,,
Account Balances,,,,,,,,
Summary,Balances,Net Change ,,,,,,
Account Value,"$813,255.20 ","($4,795.32)",,,,,,
Total Cash,"$3,496.97 ",$0.00 ,,,,,,
Account Sweep Balance,"$3,496.97 ",$79.23 ,,,,,,
TD Ameritrade Cash (protected by SIPC),$0.00 ,($79.23),,,,,,
Long Positions,"$809,758.23 ","($4,795.31)",,,,,,
Stock Value,"$586,110.63 ","($4,795.31)",,,,,,
Mutual Funds Value,"$223,647.60 ",$0.00 ,,,,,,
Short Positions,$0.00 ,$0.00 ,,,,,,
, ,,,,,,,
,,,,,,,,
Buying Power (BP),,,,,,,,
Avail. funds for trading,"$3,496.97 ",,,,,,,
Non-marginable funds,"$3,496.97 ",,,,,,,
Avail. funds for withdrawal,"$3,496.97 ",,,,,,,
Total positions value,"$813,255.20 ",,,,,,,
,,,,,,,,
,,,,,,,,
Account Positions,,,,,,,,
,Description,Symbol,Last,Qty,Mkt Val,% Mkt Val,,
,ALLIANCEBERNSTEIN FUNDS GLOBAL BOND ADVISOR,ANAYX,8.6,3737.169,"32,139.65",3.95,,
,DIMENSIONAL FUND ADVISORS WORLD EX US CORE EQTY INST,DFWIX,11.28,3890.01,"43,879.31",5.4,,
,FDIC INSURED DEPOSIT ACCOUNT  IDA12 NOT COVERED BY SIPC,MMDA12,1,3496.97,"3,496.97",0.43,,
,ISHARES TRUST CORE S&P US VLU ETF,IUSV,61.12,1350,"82,512.00",10.15,,
,ISHARES TRUST MSCI EMG MKT ETF,EEM,42.54,1635,"69,552.90",8.55,,
,ISHARES TRUST SP SMCP600VL ETF,IJS,155.63,626.86,"97,558.22",12,,
,JENSEN FUNDS QUALITY GROWTH J,JENSX,53.98,1144.028,"61,754.63",7.59,,
,PAYDEN FUNDS CORE BOND INVESTOR,PYCBX,10.87,3769.38,"40,973.16",5.04,,
,PAYDEN FUNDS LOW DURATION INVESTOR,PYSBX,10.09,4450.035,"44,900.85",5.52,,
,VANGUARD GROWTH ETF,VUG,175.24,764,"133,883.36",16.46,,
,VANGUARD MATERIALS ETF,VAW,130.13,303,"39,429.39",4.85,,
,VANGUARD MID CAP ETF,VO,173.28,727,"125,974.56",15.49,,
,VANGUARD SHRT TRM CORP BD ETF,VCSH,80.87,460,"37,200.20",4.57,,
,,,,,,,,
,,,,,,,,
Account History,,,,,,,,
Date,Description,Symbol,Trans Type,Quantity,Price,Net Amount,Commission,Trans ID
9/6/2019,FDIC INSURED DEPOSIT ACCOUNT  IDA12 NOT COVERED BY SIPC CASH ALTERNATIVES PURCHASE,MMDA12,TRD,90.11,,,,23239729307
9/6/2019,VANGUARD SHRT TRM CORP BD ETF ORDINARY DIVIDEND PAID 90.11 FOR 460 SHARES ON PAYABLE DATE 09/06/2019 AND RECORD DATE 09/04/2019,VCSH,DIV,,,$90.11 ,,23235320727
9/6/2019,PURCHASE FDIC INSURED DEPOSIT ACCOUNT    FOR 90.11,,TRD,,,($90.11),,23239729283
9/4/2019,FDIC INSURED DEPOSIT ACCOUNT  IDA12 NOT COVERED BY SIPC CASH ALTERNATIVES PURCHASE,MMDA12,TRD,93.64,,,,23213681185
9/4/2019,PURCHASE FDIC INSURED DEPOSIT ACCOUNT    FOR 93.64,,TRD,,,($93.64),,23213681161
9/3/2019,FDIC INSURED DEPOSIT ACCOUNT  IDA12 NOT COVERED BY SIPC CASH ALTERNATIVES PURCHASE,MMDA12,TRD,85.51,,,,23200952989
9/3/2019,PGIM TOTAL RETURN BD A ORDINARY DIVIDEND PAID 93.64 FOR 2359.685 SHARES ON PAYABLE DATE 08/30/2019 AND RECORD DATE 08/30/2019,PDBAX,DIV,,,$93.64 ,,23202706856
9/3/2019,PURCHASE FDIC INSURED DEPOSIT ACCOUNT    FOR 85.51,,TRD,,,($85.51),,23200952947
8/30/2019,FDIC INSURED DEPOSIT ACCOUNT  IDA12 NOT COVERED BY SIPC CASH ALTERNATIVES PURCHASE,MMDA12,TRD,104.79,,,,23166964724
8/30/2019,FDIC INSURED DEPOSIT ACCOUNT  IDA12 NOT COVERED BY SIPC CASH ALTERNATIVES INTEREST,MMDA12,DIV,0.2,,,,23187600610
8/30/2019,PURCHASE FDIC INSURED DEPOSIT ACCOUNT    FOR 104.79,,TRD,,,($104.79),,23166964692
8/30/2019,PAYDEN LOW DURATION FUND ORDINARY DIVIDEND PAID 85.51 FOR 4450.035 SHARES ON PAYABLE DATE 08/30/2019 AND RECORD DATE 08/30/2019,PYSBX,DIV,,,$85.51 ,,23172613934
8/29/2019,PAYDEN CORE BD FD ORDINARY DIVIDEND PAID 104.79 FOR 3769.38 SHARES ON PAYABLE DATE 08/29/2019 AND RECORD DATE 08/28/2019,PYCBX,DIV,,,$104.79 ,,23160135896
8/6/2019,FDIC INSURED DEPOSIT ACCOUNT  IDA12 NOT COVERED BY SIPC CASH ALTERNATIVES PURCHASE,MMDA12,TRD,95.27,,,,22994457952
8/6/2019,VANGUARD SHRT TRM CORP BD ETF ORDINARY DIVIDEND PAID 95.27 FOR 460 SHARES ON PAYABLE DATE 08/06/2019 AND RECORD DATE 08/02/2019,VCSH,DIV,,,$95.27 ,,22989920083
8/6/2019,PURCHASE FDIC INSURED DEPOSIT ACCOUNT    FOR 95.27,,TRD,,,($95.27),,22994457892
8/2/2019,FDIC INSURED DEPOSIT ACCOUNT  IDA12 NOT COVERED BY SIPC CASH ALTERNATIVES PURCHASE,MMDA12,TRD,90.3,,,,22968526181
8/2/2019,PURCHASE FDIC INSURED DEPOSIT ACCOUNT    FOR 90.3,,TRD,,,($90.30),,22968526153
8/1/2019,FDIC INSURED DEPOSIT ACCOUNT  IDA12 NOT COVERED BY SIPC CASH ALTERNATIVES PURCHASE,MMDA12,TRD,86.57,,,,22952694565
8/1/2019,PGIM TOTAL RETURN BD A ORDINARY DIVIDEND PAID 90.3 FOR 2359.685 SHARES ON PAYABLE DATE 07/31/2019 AND RECORD DATE 07/31/2019,PDBAX,DIV,,,$90.30 ,,22957561659
8/1/2019,PURCHASE FDIC INSURED DEPOSIT ACCOUNT    FOR 86.57,,TRD,,,($86.57),,22952694522
7/31/2019,FDIC INSURED DEPOSIT ACCOUNT  IDA12 NOT COVERED BY SIPC CASH ALTERNATIVES INTEREST,MMDA12,DIV,0.23,,,,22936981363
7/31/2019,FDIC INSURED DEPOSIT ACCOUNT  IDA12 NOT COVERED BY SIPC CASH ALTERNATIVES PURCHASE,MMDA12,TRD,105.17,,,,22918736634
7/31/2019,PURCHASE FDIC INSURED DEPOSIT ACCOUNT    FOR 105.17,,TRD,,,($105.17),,22918736624
7/31/2019,PAYDEN LOW DURATION FUND ORDINARY DIVIDEND PAID 86.57 FOR 4450.035 SHARES ON PAYABLE DATE 07/31/2019 AND RECORD DATE 07/31/2019,PYSBX,DIV,,,$86.57 ,,22926034363
7/30/2019,PAYDEN CORE BD FD ORDINARY DIVIDEND PAID 105.17 FOR 3769.38 SHARES ON PAYABLE DATE 07/30/2019 AND RECORD DATE 07/29/2019,PYCBX,DIV,,,$105.17 ,,22911636469
7/5/2019,FDIC INSURED DEPOSIT ACCOUNT  IDA12 NOT COVERED BY SIPC CASH ALTERNATIVES PURCHASE,MMDA12,TRD,88.46,,,,22745662104
7/5/2019,VANGUARD SHRT TRM CORP BD ETF ORDINARY DIVIDEND PAID 88.46 FOR 460 SHARES ON PAYABLE DATE 07/05/2019 AND RECORD DATE 07/02/2019,VCSH,DIV,,,$88.46 ,,22742807819
7/5/2019,PURCHASE FDIC INSURED DEPOSIT ACCOUNT    FOR 88.46,,TRD,,,($88.46),,22745662062
7/2/2019,FDIC INSURED DEPOSIT ACCOUNT  IDA12 NOT COVERED BY SIPC CASH ALTERNATIVES PURCHASE,MMDA12,TRD,903.03,,,,22720451223
7/2/2019,VANGUARD GROWTH ETF ORDINARY DIVIDEND PAID 327.6 FOR 794 SHARES ON PAYABLE DATE 07/02/2019 AND RECORD DATE 06/28/2019,VUG,DIV,,,$327.60 ,,22712614083
7/2/2019,VANGUARD MID CAP ETF ORDINARY DIVIDEND PAID 415.12 FOR 727 SHARES ON PAYABLE DATE 07/02/2019 AND RECORD DATE 06/28/2019,VO,DIV,,,$415.12 ,,22712310294
7/2/2019,PURCHASE FDIC INSURED DEPOSIT ACCOUNT    FOR 903.03,,TRD,,,($903.03),,22720451167
7/1/2019,PURCHASE FDIC INSURED DEPOSIT ACCOUNT    FOR 107.43,,TRD,,,($107.43),,22692824600
7/1/2019,PGIM TOTAL RETURN BD A ORDINARY DIVIDEND PAID 83.53 FOR 2359.685 SHARES ON PAYABLE DATE 06/28/2019 AND RECORD DATE 06/28/2019,PDBAX,DIV,,,$83.53 ,,22699787617
7/1/2019,FDIC INSURED DEPOSIT ACCOUNT  IDA12 NOT COVERED BY SIPC CASH ALTERNATIVES PURCHASE,MMDA12,TRD,107.43,,,,22692824684
7/1/2019,PAYDEN LOW DURATION FUND ORDINARY DIVIDEND PAID 76.78 FOR 4450.035 SHARES ON PAYABLE DATE 06/28/2019 AND RECORD DATE 06/28/2019,PYSBX,DIV,,,$76.78 ,,22697509256
6/28/2019,PAYDEN CORE BD FD ORDINARY DIVIDEND PAID 107.43 FOR 3769.38 SHARES ON PAYABLE DATE 06/27/2019 AND RECORD DATE 06/26/2019,PYCBX,DIV,,,$107.43 ,,22657101455
6/28/2019,REDEMPTION FDIC INSURED DEPOSIT ACCOUNT    FOR 1108.27,,TRD,,,"$1,108.27 ",,22653489380
6/28/2019,FDIC INSURED DEPOSIT ACCOUNT  IDA12 NOT COVERED BY SIPC CASH ALTERNATIVES INTEREST,MMDA12,DIV,0.58,,,,22670403984
6/28/2019,FDIC INSURED DEPOSIT ACCOUNT  IDA12 NOT COVERED BY SIPC CASH ALTERNATIVES REDEMPTION,MMDA12,TRD,"-1,108.27",,,,22653489435
6/27/2019,QUARTERLY MGMT FEE FINANCIAL PLNNG & INFO SVC 9140399491 FOR 1108.27,,JNL,,,"($1,108.27)",,22645514354
6/26/2019,FDIC INSURED DEPOSIT ACCOUNT  IDA12 NOT COVERED BY SIPC CASH ALTERNATIVES REDEMPTION,MMDA12,TRD,"-5,787.54",,,,22627780795
6/26/2019,VANGUARD MATERIALS ETF ORDINARY DIVIDEND PAID 212.46 FOR 303 SHARES ON PAYABLE DATE 06/26/2019 AND RECORD DATE 06/24/2019,VAW,DIV,,,$212.46 ,,22624060422
6/26/2019,REDEMPTION FDIC INSURED DEPOSIT ACCOUNT    FOR 5787.54,,TRD,,,"$5,787.54 ",,22627780770
6/25/2019,PAYDEN LOW DURATION FUND BUY TRADE 594.648 @10.09,PYSBX,BUY,594.648,$10.09 ,"($6,000.00)",,22620748671
6/21/2019,ISHARES TRUST SP SMCP600VL ETF ORDINARY DIVIDEND PAID 328.74 FOR 626.86 SHARES ON PAYABLE DATE 06/21/2019 AND RECORD DATE 06/18/2019,IJS,DIV,,,$328.74 ,,22584925167
6/21/2019,PURCHASE FDIC INSURED DEPOSIT ACCOUNT    FOR 1291.49,,TRD,,,"($1,291.49)",,22591446735
6/21/2019,ISHARES TRUST CORE S&P US VLU ETF ORDINARY DIVIDEND PAID 453.55 FOR 1350 SHARES ON PAYABLE DATE 06/21/2019 AND RECORD DATE 06/18/2019,IUSV,DIV,,,$453.55 ,,22584698243
6/21/2019,ISHARES TRUST MSCI EMG MKT ETF ORDINARY DIVIDEND PAID 509.2 FOR 1635 SHARES ON PAYABLE DATE 06/21/2019 AND RECORD DATE 06/18/2019,EEM,DIV,,,$509.20 ,,22583899864
6/21/2019,FDIC INSURED DEPOSIT ACCOUNT  IDA12 NOT COVERED BY SIPC CASH ALTERNATIVES PURCHASE,MMDA12,TRD,"1,291.49",,,,22591446771
6/18/2019,FDIC INSURED DEPOSIT ACCOUNT  IDA12 NOT COVERED BY SIPC CASH ALTERNATIVES PURCHASE,MMDA12,TRD,151.3,,,,22554068667
6/18/2019,PURCHASE FDIC INSURED DEPOSIT ACCOUNT    FOR 151.3,,TRD,,,($151.30),,22554068646
6/17/2019,JENSEN QUALITY GROWTH J ORDINARY DIVIDEND PAID 151.3 FOR 1144.028 SHARES ON PAYABLE DATE 06/14/2019 AND RECORD DATE 06/13/2019,JENSX,DIV,,,$151.30 ,,22546644872
6/6/2019,FDIC INSURED DEPOSIT ACCOUNT  IDA12 NOT COVERED BY SIPC CASH ALTERNATIVES PURCHASE,MMDA12,TRD,95.4,,,,22464984116
6/6/2019,VANGUARD SHRT TRM CORP BD ETF ORDINARY DIVIDEND PAID 95.4 FOR 460 SHARES ON PAYABLE DATE 06/06/2019 AND RECORD DATE 06/04/2019,VCSH,DIV,,,$95.40 ,,22461050175
6/6/2019,PURCHASE FDIC INSURED DEPOSIT ACCOUNT    FOR 95.4,,TRD,,,($95.40),,22464984086
6/4/2019,FDIC INSURED DEPOSIT ACCOUNT  IDA12 NOT COVERED BY SIPC CASH ALTERNATIVES PURCHASE,MMDA12,TRD,176.06,,,,22442344998
6/4/2019,PURCHASE FDIC INSURED DEPOSIT ACCOUNT    FOR 176.06,,TRD,,,($176.06),,22442344958
6/3/2019,PGIM TOTAL RETURN BD A ORDINARY DIVIDEND PAID 97.14 FOR 2359.685 SHARES ON PAYABLE DATE 05/31/2019 AND RECORD DATE 05/31/2019,PDBAX,DIV,,,$97.14 ,,22423925779
6/3/2019,PAYDEN LOW DURATION FUND ORDINARY DIVIDEND PAID 78.92 FOR 3855.387 SHARES ON PAYABLE DATE 05/31/2019 AND RECORD DATE 05/31/2019,PYSBX,DIV,,,$78.92 ,,22425108412
6/3/2019,FDIC INSURED DEPOSIT ACCOUNT  IDA12 NOT COVERED BY SIPC CASH ALTERNATIVES PURCHASE,MMDA12,TRD,107.43,,,,22421212649
6/3/2019,PURCHASE FDIC INSURED DEPOSIT ACCOUNT    FOR 107.43,,TRD,,,($107.43),,22421212633
5/31/2019,FDIC INSURED DEPOSIT ACCOUNT  IDA12 NOT COVERED BY SIPC CASH ALTERNATIVES INTEREST,MMDA12,DIV,0.63,,,,22402278015
5/31/2019,PAYDEN CORE BD FD ORDINARY DIVIDEND PAID 107.43 FOR 3769.38 SHARES ON PAYABLE DATE 05/30/2019 AND RECORD DATE 05/29/2019,PYCBX,DIV,,,$107.43 ,,22391666899
